{
	"assets": {
		"name": "assets",
		"contents": [
			{
				"name": "Neuer Ordner",
				"contents": [
					{
						"id": "b24b2ef9-5194-4655-a562-2591d018d8f7",
						"name": "test1.png",
						"fullPath": "/Neuer Ordner/test1.png",
						"key": "/Neuer Ordner/test1.png",
						"width": 32,
						"height": 32,
						"frameWidth": 32,
						"frameHeight": 32,
						"frameMax": -1,
						"margin": 0,
						"spacing": 0,
						"anchorX": 0,
						"anchorY": 0,
						"fps": 10,
						"updated": 1424442958063,
						"atlas": "",
						"source": "../client/data/projects/p288a/phaser/assets/Neuer Ordner/test1.png"
					},
					{
						"id": "70f48fba-15dd-447a-875b-c255d9c7dafd",
						"name": "ball.png",
						"fullPath": "/Neuer Ordner/ball.png",
						"key": "/Neuer Ordner/ball.png",
						"width": 32,
						"height": 32,
						"frameWidth": 32,
						"frameHeight": 32,
						"frameMax": -1,
						"margin": 0,
						"spacing": 0,
						"anchorX": 0,
						"anchorY": 0,
						"fps": 10,
						"updated": 1424443287891,
						"atlas": "",
						"source": "../client/data/projects/p288a/phaser/assets/Neuer Ordner/ball.png"
					},
					{
						"id": "cf0a8858-da05-4a24-95a1-aebf7caab68b",
						"name": "test1.png",
						"fullPath": "/Neuer Ordner/test1.png",
						"key": "/Neuer Ordner/test1.png",
						"width": 32,
						"height": 32,
						"frameWidth": 32,
						"frameHeight": 32,
						"frameMax": -1,
						"margin": 0,
						"spacing": 0,
						"anchorX": 0,
						"anchorY": 0,
						"fps": 10,
						"updated": 1424443287891,
						"atlas": "",
						"source": "../client/data/projects/p288a/phaser/assets/Neuer Ordner/test1.png"
					}
				],
				"count": 0,
				"id": "aae6ef0d-b32f-4973-9f35-eab292f653a1",
				"fullPath": "/Neuer Ordner",
				"isClosed": false
			},
			{
				"name": "new folder",
				"contents": [],
				"count": 0,
				"id": "bca2969c-4de0-457d-b243-3390324834f1",
				"fullPath": "/new folder",
				"isClosed": false
			}
		],
		"count": 15
	},
	"objects": {
		"name": "objects",
		"contents": [
			{
				"assetId": "70f48fba-15dd-447a-875b-c255d9c7dafd",
				"x": 374.44444444444446,
				"y": 111.11111111111111,
				"type": 0,
				"anchorX": 0,
				"anchorY": 0,
				"userData": {},
				"physics": {
					"enable": 1,
					"immovable": 1,
					"bounce": {
						"x": 1,
						"y": 1
					},
					"gravity": {
						"allow": 1,
						"x": 0,
						"y": 0
					},
					"size": {
						"width": -1,
						"height": -1,
						"offsetX": 0,
						"offsetY": 0
					},
					"rotation": {
						"allowRotation": 0,
						"maxAngular": 0
					},
					"maxVelocity": 0,
					"mass": 1,
					"collideWorldBounds": 0
				},
				"scaleX": 1,
				"scaleY": 1,
				"angle": 0,
				"alpha": 1,
				"frame": 0,
				"isVisible": 1,
				"isLocked": 0,
				"contents": [],
				"width": 32,
				"height": 32,
				"id": "tmp1424442637379",
				"name": "ball",
				"index": -1,
				"fullPath": "/ball",
				"movies": {
					"__main": {
						"frames": [],
						"info": {
							"fps": 60
						},
						"subdata": []
					}
				},
				"assetKey": "/Neuer Ordner/ball.png"
			},
			{
				"assetId": "b24b2ef9-5194-4655-a562-2591d018d8f7",
				"x": 32,
				"y": 352,
				"type": 0,
				"anchorX": 0,
				"anchorY": 0,
				"userData": {},
				"physics": {},
				"scaleX": 1,
				"scaleY": 1,
				"angle": 0,
				"alpha": 1,
				"frame": 0,
				"isVisible": 1,
				"isLocked": 0,
				"contents": [],
				"width": 32,
				"height": 32,
				"id": "tmp1424442637378",
				"name": "test168",
				"index": -1,
				"fullPath": "/test168",
				"movies": {
					"__main": {
						"frames": [],
						"info": {
							"fps": 60
						},
						"subdata": []
					}
				},
				"assetKey": "/Neuer Ordner/test1.png"
			},
			{
				"assetId": "b24b2ef9-5194-4655-a562-2591d018d8f7",
				"x": 64,
				"y": 384,
				"type": 0,
				"anchorX": 0,
				"anchorY": 0,
				"userData": {},
				"physics": {
					"enable": 0
				},
				"scaleX": 1,
				"scaleY": 1,
				"angle": 0,
				"alpha": 1,
				"frame": 0,
				"isVisible": 1,
				"isLocked": 0,
				"contents": [],
				"width": 32,
				"height": 32,
				"id": "tmp1424442637377",
				"name": "test167",
				"index": -1,
				"fullPath": "/test167",
				"movies": {
					"__main": {
						"frames": [],
						"info": {
							"fps": 60
						},
						"subdata": []
					}
				},
				"isClosed": false,
				"assetKey": "/Neuer Ordner/test1.png"
			},
			{
				"assetId": "b24b2ef9-5194-4655-a562-2591d018d8f7",
				"x": 96,
				"y": 416,
				"type": 0,
				"anchorX": 0,
				"anchorY": 0,
				"userData": {},
				"physics": {},
				"scaleX": 1,
				"scaleY": 1,
				"angle": 0,
				"alpha": 1,
				"frame": 0,
				"isVisible": 1,
				"isLocked": 0,
				"contents": [],
				"width": 32,
				"height": 32,
				"id": "tmp1424442637376",
				"name": "test166",
				"index": -1,
				"fullPath": "/test166",
				"movies": {
					"__main": {
						"frames": [],
						"info": {
							"fps": 60
						},
						"subdata": []
					}
				},
				"assetKey": "/Neuer Ordner/test1.png"
			},
			{
				"assetId": "b24b2ef9-5194-4655-a562-2591d018d8f7",
				"x": 64,
				"y": 416,
				"type": 0,
				"anchorX": 0,
				"anchorY": 0,
				"userData": {},
				"physics": {},
				"scaleX": 1,
				"scaleY": 1,
				"angle": 0,
				"alpha": 1,
				"frame": 0,
				"isVisible": 1,
				"isLocked": 0,
				"contents": [],
				"width": 32,
				"height": 32,
				"id": "tmp1424442637375",
				"name": "test165",
				"index": -1,
				"fullPath": "/test165",
				"movies": {
					"__main": {
						"frames": [],
						"info": {
							"fps": 60
						},
						"subdata": []
					}
				},
				"assetKey": "/Neuer Ordner/test1.png"
			},
			{
				"assetId": "b24b2ef9-5194-4655-a562-2591d018d8f7",
				"x": 704,
				"y": 416,
				"type": 0,
				"anchorX": 0,
				"anchorY": 0,
				"userData": {},
				"physics": {},
				"scaleX": 1,
				"scaleY": 1,
				"angle": 0,
				"alpha": 1,
				"frame": 0,
				"isVisible": 1,
				"isLocked": 0,
				"contents": [],
				"width": 32,
				"height": 32,
				"id": "tmp1424442637374",
				"name": "test164",
				"index": -1,
				"fullPath": "/test164",
				"movies": {
					"__main": {
						"frames": [],
						"info": {
							"fps": 60
						},
						"subdata": []
					}
				},
				"assetKey": "/Neuer Ordner/test1.png"
			},
			{
				"assetId": "b24b2ef9-5194-4655-a562-2591d018d8f7",
				"x": 736,
				"y": 416,
				"type": 0,
				"anchorX": 0,
				"anchorY": 0,
				"userData": {},
				"physics": {},
				"scaleX": 1,
				"scaleY": 1,
				"angle": 0,
				"alpha": 1,
				"frame": 0,
				"isVisible": 1,
				"isLocked": 0,
				"contents": [],
				"width": 32,
				"height": 32,
				"id": "tmp1424442637373",
				"name": "test163",
				"index": -1,
				"fullPath": "/test163",
				"movies": {
					"__main": {
						"frames": [],
						"info": {
							"fps": 60
						},
						"subdata": []
					}
				},
				"assetKey": "/Neuer Ordner/test1.png"
			},
			{
				"assetId": "b24b2ef9-5194-4655-a562-2591d018d8f7",
				"x": 736,
				"y": 416,
				"type": 0,
				"anchorX": 0,
				"anchorY": 0,
				"userData": {},
				"physics": {},
				"scaleX": 1,
				"scaleY": 1,
				"angle": 0,
				"alpha": 1,
				"frame": 0,
				"isVisible": 1,
				"isLocked": 0,
				"contents": [],
				"width": 32,
				"height": 32,
				"id": "tmp1424442637372",
				"name": "test162",
				"index": -1,
				"fullPath": "/test162",
				"movies": {
					"__main": {
						"frames": [],
						"info": {
							"fps": 60
						},
						"subdata": []
					}
				},
				"assetKey": "/Neuer Ordner/test1.png"
			},
			{
				"assetId": "b24b2ef9-5194-4655-a562-2591d018d8f7",
				"x": 736,
				"y": 384,
				"type": 0,
				"anchorX": 0,
				"anchorY": 0,
				"userData": {},
				"physics": {},
				"scaleX": 1,
				"scaleY": 1,
				"angle": 0,
				"alpha": 1,
				"frame": 0,
				"isVisible": 1,
				"isLocked": 0,
				"contents": [],
				"width": 32,
				"height": 32,
				"id": "tmp1424442637371",
				"name": "test161",
				"index": -1,
				"fullPath": "/test161",
				"movies": {
					"__main": {
						"frames": [],
						"info": {
							"fps": 60
						},
						"subdata": []
					}
				},
				"assetKey": "/Neuer Ordner/test1.png"
			},
			{
				"assetId": "b24b2ef9-5194-4655-a562-2591d018d8f7",
				"x": 736,
				"y": 352,
				"type": 0,
				"anchorX": 0,
				"anchorY": 0,
				"userData": {},
				"physics": {},
				"scaleX": 1,
				"scaleY": 1,
				"angle": 0,
				"alpha": 1,
				"frame": 0,
				"isVisible": 1,
				"isLocked": 0,
				"contents": [],
				"width": 32,
				"height": 32,
				"id": "tmp1424442637370",
				"name": "test160",
				"index": -1,
				"fullPath": "/test160",
				"movies": {
					"__main": {
						"frames": [],
						"info": {
							"fps": 60
						},
						"subdata": []
					}
				},
				"assetKey": "/Neuer Ordner/test1.png"
			},
			{
				"assetId": "b24b2ef9-5194-4655-a562-2591d018d8f7",
				"x": 704,
				"y": 384,
				"type": 0,
				"anchorX": 0,
				"anchorY": 0,
				"userData": {},
				"physics": {},
				"scaleX": 1,
				"scaleY": 1,
				"angle": 0,
				"alpha": 1,
				"frame": 0,
				"isVisible": 1,
				"isLocked": 0,
				"contents": [],
				"width": 32,
				"height": 32,
				"id": "tmp1424442637369",
				"name": "test159",
				"index": -1,
				"fullPath": "/test159",
				"movies": {
					"__main": {
						"frames": [],
						"info": {
							"fps": 60
						},
						"subdata": []
					}
				},
				"assetKey": "/Neuer Ordner/test1.png"
			},
			{
				"assetId": "b24b2ef9-5194-4655-a562-2591d018d8f7",
				"x": 672,
				"y": 416,
				"type": 0,
				"anchorX": 0,
				"anchorY": 0,
				"userData": {},
				"physics": {},
				"scaleX": 1,
				"scaleY": 1,
				"angle": 0,
				"alpha": 1,
				"frame": 0,
				"isVisible": 1,
				"isLocked": 0,
				"contents": [],
				"width": 32,
				"height": 32,
				"id": "tmp1424442637368",
				"name": "test158",
				"index": -1,
				"fullPath": "/test158",
				"movies": {
					"__main": {
						"frames": [],
						"info": {
							"fps": 60
						},
						"subdata": []
					}
				},
				"assetKey": "/Neuer Ordner/test1.png"
			},
			{
				"assetId": "b24b2ef9-5194-4655-a562-2591d018d8f7",
				"x": 768,
				"y": 0,
				"type": 0,
				"anchorX": 0,
				"anchorY": 0,
				"userData": {},
				"physics": {},
				"scaleX": 1,
				"scaleY": 1,
				"angle": 0,
				"alpha": 1,
				"frame": 0,
				"isVisible": 1,
				"isLocked": 0,
				"contents": [],
				"width": 32,
				"height": 32,
				"id": "tmp1424442637367",
				"name": "test157",
				"index": -1,
				"fullPath": "/test157",
				"movies": {
					"__main": {
						"frames": [],
						"info": {
							"fps": 60
						},
						"subdata": []
					}
				},
				"assetKey": "/Neuer Ordner/test1.png"
			},
			{
				"assetId": "b24b2ef9-5194-4655-a562-2591d018d8f7",
				"x": 768,
				"y": 32,
				"type": 0,
				"anchorX": 0,
				"anchorY": 0,
				"userData": {},
				"physics": {},
				"scaleX": 1,
				"scaleY": 1,
				"angle": 0,
				"alpha": 1,
				"frame": 0,
				"isVisible": 1,
				"isLocked": 0,
				"contents": [],
				"width": 32,
				"height": 32,
				"id": "tmp1424442637366",
				"name": "test156",
				"index": -1,
				"fullPath": "/test156",
				"movies": {
					"__main": {
						"frames": [],
						"info": {
							"fps": 60
						},
						"subdata": []
					}
				},
				"assetKey": "/Neuer Ordner/test1.png"
			},
			{
				"assetId": "b24b2ef9-5194-4655-a562-2591d018d8f7",
				"x": 768,
				"y": 64,
				"type": 0,
				"anchorX": 0,
				"anchorY": 0,
				"userData": {},
				"physics": {},
				"scaleX": 1,
				"scaleY": 1,
				"angle": 0,
				"alpha": 1,
				"frame": 0,
				"isVisible": 1,
				"isLocked": 0,
				"contents": [],
				"width": 32,
				"height": 32,
				"id": "tmp1424442637365",
				"name": "test155",
				"index": -1,
				"fullPath": "/test155",
				"movies": {
					"__main": {
						"frames": [],
						"info": {
							"fps": 60
						},
						"subdata": []
					}
				},
				"assetKey": "/Neuer Ordner/test1.png"
			},
			{
				"assetId": "b24b2ef9-5194-4655-a562-2591d018d8f7",
				"x": 768,
				"y": 64,
				"type": 0,
				"anchorX": 0,
				"anchorY": 0,
				"userData": {},
				"physics": {},
				"scaleX": 1,
				"scaleY": 1,
				"angle": 0,
				"alpha": 1,
				"frame": 0,
				"isVisible": 1,
				"isLocked": 0,
				"contents": [],
				"width": 32,
				"height": 32,
				"id": "tmp1424442637363",
				"name": "test153",
				"index": -1,
				"fullPath": "/test153",
				"movies": {
					"__main": {
						"frames": [],
						"info": {
							"fps": 60
						},
						"subdata": []
					}
				},
				"assetKey": "/Neuer Ordner/test1.png"
			},
			{
				"assetId": "b24b2ef9-5194-4655-a562-2591d018d8f7",
				"x": 768,
				"y": 96,
				"type": 0,
				"anchorX": 0,
				"anchorY": 0,
				"userData": {},
				"physics": {},
				"scaleX": 1,
				"scaleY": 1,
				"angle": 0,
				"alpha": 1,
				"frame": 0,
				"isVisible": 1,
				"isLocked": 0,
				"contents": [],
				"width": 32,
				"height": 32,
				"id": "tmp1424442637362",
				"name": "test152",
				"index": -1,
				"fullPath": "/test152",
				"movies": {
					"__main": {
						"frames": [],
						"info": {
							"fps": 60
						},
						"subdata": []
					}
				},
				"assetKey": "/Neuer Ordner/test1.png"
			},
			{
				"assetId": "b24b2ef9-5194-4655-a562-2591d018d8f7",
				"x": 768,
				"y": 128,
				"type": 0,
				"anchorX": 0,
				"anchorY": 0,
				"userData": {},
				"physics": {},
				"scaleX": 1,
				"scaleY": 1,
				"angle": 0,
				"alpha": 1,
				"frame": 0,
				"isVisible": 1,
				"isLocked": 0,
				"contents": [],
				"width": 32,
				"height": 32,
				"id": "tmp1424442637361",
				"name": "test151",
				"index": -1,
				"fullPath": "/test151",
				"movies": {
					"__main": {
						"frames": [],
						"info": {
							"fps": 60
						},
						"subdata": []
					}
				},
				"assetKey": "/Neuer Ordner/test1.png"
			},
			{
				"assetId": "b24b2ef9-5194-4655-a562-2591d018d8f7",
				"x": 768,
				"y": 160,
				"type": 0,
				"anchorX": 0,
				"anchorY": 0,
				"userData": {},
				"physics": {},
				"scaleX": 1,
				"scaleY": 1,
				"angle": 0,
				"alpha": 1,
				"frame": 0,
				"isVisible": 1,
				"isLocked": 0,
				"contents": [],
				"width": 32,
				"height": 32,
				"id": "tmp1424442637360",
				"name": "test150",
				"index": -1,
				"fullPath": "/test150",
				"movies": {
					"__main": {
						"frames": [],
						"info": {
							"fps": 60
						},
						"subdata": []
					}
				},
				"assetKey": "/Neuer Ordner/test1.png"
			},
			{
				"assetId": "b24b2ef9-5194-4655-a562-2591d018d8f7",
				"x": 768,
				"y": 192,
				"type": 0,
				"anchorX": 0,
				"anchorY": 0,
				"userData": {},
				"physics": {},
				"scaleX": 1,
				"scaleY": 1,
				"angle": 0,
				"alpha": 1,
				"frame": 0,
				"isVisible": 1,
				"isLocked": 0,
				"contents": [],
				"width": 32,
				"height": 32,
				"id": "tmp1424442637359",
				"name": "test149",
				"index": -1,
				"fullPath": "/test149",
				"movies": {
					"__main": {
						"frames": [],
						"info": {
							"fps": 60
						},
						"subdata": []
					}
				},
				"assetKey": "/Neuer Ordner/test1.png"
			},
			{
				"assetId": "b24b2ef9-5194-4655-a562-2591d018d8f7",
				"x": 768,
				"y": 224,
				"type": 0,
				"anchorX": 0,
				"anchorY": 0,
				"userData": {},
				"physics": {},
				"scaleX": 1,
				"scaleY": 1,
				"angle": 0,
				"alpha": 1,
				"frame": 0,
				"isVisible": 1,
				"isLocked": 0,
				"contents": [],
				"width": 32,
				"height": 32,
				"id": "tmp1424442637358",
				"name": "test148",
				"index": -1,
				"fullPath": "/test148",
				"movies": {
					"__main": {
						"frames": [],
						"info": {
							"fps": 60
						},
						"subdata": []
					}
				},
				"assetKey": "/Neuer Ordner/test1.png"
			},
			{
				"assetId": "b24b2ef9-5194-4655-a562-2591d018d8f7",
				"x": 768,
				"y": 256,
				"type": 0,
				"anchorX": 0,
				"anchorY": 0,
				"userData": {},
				"physics": {},
				"scaleX": 1,
				"scaleY": 1,
				"angle": 0,
				"alpha": 1,
				"frame": 0,
				"isVisible": 1,
				"isLocked": 0,
				"contents": [],
				"width": 32,
				"height": 32,
				"id": "tmp1424442637357",
				"name": "test147",
				"index": -1,
				"fullPath": "/test147",
				"movies": {
					"__main": {
						"frames": [],
						"info": {
							"fps": 60
						},
						"subdata": []
					}
				},
				"assetKey": "/Neuer Ordner/test1.png"
			},
			{
				"assetId": "b24b2ef9-5194-4655-a562-2591d018d8f7",
				"x": 768,
				"y": 288,
				"type": 0,
				"anchorX": 0,
				"anchorY": 0,
				"userData": {},
				"physics": {},
				"scaleX": 1,
				"scaleY": 1,
				"angle": 0,
				"alpha": 1,
				"frame": 0,
				"isVisible": 1,
				"isLocked": 0,
				"contents": [],
				"width": 32,
				"height": 32,
				"id": "tmp1424442637356",
				"name": "test146",
				"index": -1,
				"fullPath": "/test146",
				"movies": {
					"__main": {
						"frames": [],
						"info": {
							"fps": 60
						},
						"subdata": []
					}
				},
				"assetKey": "/Neuer Ordner/test1.png"
			},
			{
				"assetId": "b24b2ef9-5194-4655-a562-2591d018d8f7",
				"x": 768,
				"y": 320,
				"type": 0,
				"anchorX": 0,
				"anchorY": 0,
				"userData": {},
				"physics": {},
				"scaleX": 1,
				"scaleY": 1,
				"angle": 0,
				"alpha": 1,
				"frame": 0,
				"isVisible": 1,
				"isLocked": 0,
				"contents": [],
				"width": 32,
				"height": 32,
				"id": "tmp1424442637355",
				"name": "test145",
				"index": -1,
				"fullPath": "/test145",
				"movies": {
					"__main": {
						"frames": [],
						"info": {
							"fps": 60
						},
						"subdata": []
					}
				},
				"assetKey": "/Neuer Ordner/test1.png"
			},
			{
				"assetId": "b24b2ef9-5194-4655-a562-2591d018d8f7",
				"x": 768,
				"y": 352,
				"type": 0,
				"anchorX": 0,
				"anchorY": 0,
				"userData": {},
				"physics": {},
				"scaleX": 1,
				"scaleY": 1,
				"angle": 0,
				"alpha": 1,
				"frame": 0,
				"isVisible": 1,
				"isLocked": 0,
				"contents": [],
				"width": 32,
				"height": 32,
				"id": "tmp1424442637354",
				"name": "test144",
				"index": -1,
				"fullPath": "/test144",
				"movies": {
					"__main": {
						"frames": [],
						"info": {
							"fps": 60
						},
						"subdata": []
					}
				},
				"assetKey": "/Neuer Ordner/test1.png"
			},
			{
				"assetId": "b24b2ef9-5194-4655-a562-2591d018d8f7",
				"x": 768,
				"y": 384,
				"type": 0,
				"anchorX": 0,
				"anchorY": 0,
				"userData": {},
				"physics": {},
				"scaleX": 1,
				"scaleY": 1,
				"angle": 0,
				"alpha": 1,
				"frame": 0,
				"isVisible": 1,
				"isLocked": 0,
				"contents": [],
				"width": 32,
				"height": 32,
				"id": "tmp1424442637353",
				"name": "test143",
				"index": -1,
				"fullPath": "/test143",
				"movies": {
					"__main": {
						"frames": [],
						"info": {
							"fps": 60
						},
						"subdata": []
					}
				},
				"assetKey": "/Neuer Ordner/test1.png"
			},
			{
				"assetId": "b24b2ef9-5194-4655-a562-2591d018d8f7",
				"x": 768,
				"y": 416,
				"type": 0,
				"anchorX": 0,
				"anchorY": 0,
				"userData": {},
				"physics": {},
				"scaleX": 1,
				"scaleY": 1,
				"angle": 0,
				"alpha": 1,
				"frame": 0,
				"isVisible": 1,
				"isLocked": 0,
				"contents": [],
				"width": 32,
				"height": 32,
				"id": "tmp1424442637352",
				"name": "test142",
				"index": -1,
				"fullPath": "/test142",
				"movies": {
					"__main": {
						"frames": [],
						"info": {
							"fps": 60
						},
						"subdata": []
					}
				},
				"assetKey": "/Neuer Ordner/test1.png"
			},
			{
				"assetId": "b24b2ef9-5194-4655-a562-2591d018d8f7",
				"x": 768,
				"y": 448,
				"type": 0,
				"anchorX": 0,
				"anchorY": 0,
				"userData": {},
				"physics": {},
				"scaleX": 1,
				"scaleY": 1,
				"angle": 0,
				"alpha": 1,
				"frame": 0,
				"isVisible": 1,
				"isLocked": 0,
				"contents": [],
				"width": 32,
				"height": 32,
				"id": "tmp1424442637351",
				"name": "test141",
				"index": -1,
				"fullPath": "/test141",
				"movies": {
					"__main": {
						"frames": [],
						"info": {
							"fps": 60
						},
						"subdata": []
					}
				},
				"assetKey": "/Neuer Ordner/test1.png"
			},
			{
				"assetId": "b24b2ef9-5194-4655-a562-2591d018d8f7",
				"x": 768,
				"y": 448,
				"type": 0,
				"anchorX": 0,
				"anchorY": 0,
				"userData": {},
				"physics": {},
				"scaleX": 1,
				"scaleY": 1,
				"angle": 0,
				"alpha": 1,
				"frame": 0,
				"isVisible": 1,
				"isLocked": 0,
				"contents": [],
				"width": 32,
				"height": 32,
				"id": "tmp1424442637350",
				"name": "test140",
				"index": -1,
				"fullPath": "/test140",
				"movies": {
					"__main": {
						"frames": [],
						"info": {
							"fps": 60
						},
						"subdata": []
					}
				},
				"assetKey": "/Neuer Ordner/test1.png"
			},
			{
				"assetId": "b24b2ef9-5194-4655-a562-2591d018d8f7",
				"x": 736,
				"y": 448,
				"type": 0,
				"anchorX": 0,
				"anchorY": 0,
				"userData": {},
				"physics": {},
				"scaleX": 1,
				"scaleY": 1,
				"angle": 0,
				"alpha": 1,
				"frame": 0,
				"isVisible": 1,
				"isLocked": 0,
				"contents": [],
				"width": 32,
				"height": 32,
				"id": "tmp1424442637349",
				"name": "test139",
				"index": -1,
				"fullPath": "/test139",
				"movies": {
					"__main": {
						"frames": [],
						"info": {
							"fps": 60
						},
						"subdata": []
					}
				},
				"assetKey": "/Neuer Ordner/test1.png"
			},
			{
				"assetId": "b24b2ef9-5194-4655-a562-2591d018d8f7",
				"x": 704,
				"y": 448,
				"type": 0,
				"anchorX": 0,
				"anchorY": 0,
				"userData": {},
				"physics": {},
				"scaleX": 1,
				"scaleY": 1,
				"angle": 0,
				"alpha": 1,
				"frame": 0,
				"isVisible": 1,
				"isLocked": 0,
				"contents": [],
				"width": 32,
				"height": 32,
				"id": "tmp1424442637348",
				"name": "test138",
				"index": -1,
				"fullPath": "/test138",
				"movies": {
					"__main": {
						"frames": [],
						"info": {
							"fps": 60
						},
						"subdata": []
					}
				},
				"assetKey": "/Neuer Ordner/test1.png"
			},
			{
				"assetId": "b24b2ef9-5194-4655-a562-2591d018d8f7",
				"x": 672,
				"y": 448,
				"type": 0,
				"anchorX": 0,
				"anchorY": 0,
				"userData": {},
				"physics": {},
				"scaleX": 1,
				"scaleY": 1,
				"angle": 0,
				"alpha": 1,
				"frame": 0,
				"isVisible": 1,
				"isLocked": 0,
				"contents": [],
				"width": 32,
				"height": 32,
				"id": "tmp1424442637347",
				"name": "test137",
				"index": -1,
				"fullPath": "/test137",
				"movies": {
					"__main": {
						"frames": [],
						"info": {
							"fps": 60
						},
						"subdata": []
					}
				},
				"assetKey": "/Neuer Ordner/test1.png"
			},
			{
				"assetId": "b24b2ef9-5194-4655-a562-2591d018d8f7",
				"x": 640,
				"y": 448,
				"type": 0,
				"anchorX": 0,
				"anchorY": 0,
				"userData": {},
				"physics": {},
				"scaleX": 1,
				"scaleY": 1,
				"angle": 0,
				"alpha": 1,
				"frame": 0,
				"isVisible": 1,
				"isLocked": 0,
				"contents": [],
				"width": 32,
				"height": 32,
				"id": "tmp1424442637346",
				"name": "test136",
				"index": -1,
				"fullPath": "/test136",
				"movies": {
					"__main": {
						"frames": [],
						"info": {
							"fps": 60
						},
						"subdata": []
					}
				},
				"assetKey": "/Neuer Ordner/test1.png"
			},
			{
				"assetId": "b24b2ef9-5194-4655-a562-2591d018d8f7",
				"x": 608,
				"y": 448,
				"type": 0,
				"anchorX": 0,
				"anchorY": 0,
				"userData": {},
				"physics": {},
				"scaleX": 1,
				"scaleY": 1,
				"angle": 0,
				"alpha": 1,
				"frame": 0,
				"isVisible": 1,
				"isLocked": 0,
				"contents": [],
				"width": 32,
				"height": 32,
				"id": "tmp1424442637345",
				"name": "test135",
				"index": -1,
				"fullPath": "/test135",
				"movies": {
					"__main": {
						"frames": [],
						"info": {
							"fps": 60
						},
						"subdata": []
					}
				},
				"assetKey": "/Neuer Ordner/test1.png"
			},
			{
				"assetId": "b24b2ef9-5194-4655-a562-2591d018d8f7",
				"x": 544,
				"y": 448,
				"type": 0,
				"anchorX": 0,
				"anchorY": 0,
				"userData": {},
				"physics": {},
				"scaleX": 1,
				"scaleY": 1,
				"angle": 0,
				"alpha": 1,
				"frame": 0,
				"isVisible": 1,
				"isLocked": 0,
				"contents": [],
				"width": 32,
				"height": 32,
				"id": "tmp1424442637343",
				"name": "test133",
				"index": -1,
				"fullPath": "/test133",
				"movies": {
					"__main": {
						"frames": [],
						"info": {
							"fps": 60
						},
						"subdata": []
					}
				},
				"assetKey": "/Neuer Ordner/test1.png"
			},
			{
				"assetId": "b24b2ef9-5194-4655-a562-2591d018d8f7",
				"x": 576,
				"y": 448,
				"type": 0,
				"anchorX": 0,
				"anchorY": 0,
				"userData": {},
				"physics": {},
				"scaleX": 1,
				"scaleY": 1,
				"angle": 0,
				"alpha": 1,
				"frame": 0,
				"isVisible": 1,
				"isLocked": 0,
				"contents": [],
				"width": 32,
				"height": 32,
				"id": "tmp1424442637344",
				"name": "test134",
				"index": -1,
				"fullPath": "/test134",
				"movies": {
					"__main": {
						"frames": [],
						"info": {
							"fps": 60
						},
						"subdata": []
					}
				},
				"assetKey": "/Neuer Ordner/test1.png"
			},
			{
				"assetId": "b24b2ef9-5194-4655-a562-2591d018d8f7",
				"x": 480,
				"y": 448,
				"type": 0,
				"anchorX": 0,
				"anchorY": 0,
				"userData": {},
				"physics": {},
				"scaleX": 1,
				"scaleY": 1,
				"angle": 0,
				"alpha": 1,
				"frame": 0,
				"isVisible": 1,
				"isLocked": 0,
				"contents": [],
				"width": 32,
				"height": 32,
				"id": "tmp1424442637341",
				"name": "test131",
				"index": -1,
				"fullPath": "/test131",
				"movies": {
					"__main": {
						"frames": [],
						"info": {
							"fps": 60
						},
						"subdata": []
					}
				},
				"assetKey": "/Neuer Ordner/test1.png"
			},
			{
				"assetId": "b24b2ef9-5194-4655-a562-2591d018d8f7",
				"x": 512,
				"y": 448,
				"type": 0,
				"anchorX": 0,
				"anchorY": 0,
				"userData": {},
				"physics": {},
				"scaleX": 1,
				"scaleY": 1,
				"angle": 0,
				"alpha": 1,
				"frame": 0,
				"isVisible": 1,
				"isLocked": 0,
				"contents": [],
				"width": 32,
				"height": 32,
				"id": "tmp1424442637342",
				"name": "test132",
				"index": -1,
				"fullPath": "/test132",
				"movies": {
					"__main": {
						"frames": [],
						"info": {
							"fps": 60
						},
						"subdata": []
					}
				},
				"assetKey": "/Neuer Ordner/test1.png"
			},
			{
				"assetId": "b24b2ef9-5194-4655-a562-2591d018d8f7",
				"x": 448,
				"y": 448,
				"type": 0,
				"anchorX": 0,
				"anchorY": 0,
				"userData": {},
				"physics": {},
				"scaleX": 1,
				"scaleY": 1,
				"angle": 0,
				"alpha": 1,
				"frame": 0,
				"isVisible": 1,
				"isLocked": 0,
				"contents": [],
				"width": 32,
				"height": 32,
				"id": "tmp1424442637340",
				"name": "test130",
				"index": -1,
				"fullPath": "/test130",
				"movies": {
					"__main": {
						"frames": [],
						"info": {
							"fps": 60
						},
						"subdata": []
					}
				},
				"assetKey": "/Neuer Ordner/test1.png"
			},
			{
				"assetId": "b24b2ef9-5194-4655-a562-2591d018d8f7",
				"x": 416,
				"y": 448,
				"type": 0,
				"anchorX": 0,
				"anchorY": 0,
				"userData": {},
				"physics": {},
				"scaleX": 1,
				"scaleY": 1,
				"angle": 0,
				"alpha": 1,
				"frame": 0,
				"isVisible": 1,
				"isLocked": 0,
				"contents": [],
				"width": 32,
				"height": 32,
				"id": "tmp1424442637339",
				"name": "test129",
				"index": -1,
				"fullPath": "/test129",
				"movies": {
					"__main": {
						"frames": [],
						"info": {
							"fps": 60
						},
						"subdata": []
					}
				},
				"assetKey": "/Neuer Ordner/test1.png"
			},
			{
				"assetId": "b24b2ef9-5194-4655-a562-2591d018d8f7",
				"x": 384,
				"y": 448,
				"type": 0,
				"anchorX": 0,
				"anchorY": 0,
				"userData": {},
				"physics": {},
				"scaleX": 1,
				"scaleY": 1,
				"angle": 0,
				"alpha": 1,
				"frame": 0,
				"isVisible": 1,
				"isLocked": 0,
				"contents": [],
				"width": 32,
				"height": 32,
				"id": "tmp1424442637338",
				"name": "test128",
				"index": -1,
				"fullPath": "/test128",
				"movies": {
					"__main": {
						"frames": [],
						"info": {
							"fps": 60
						},
						"subdata": []
					}
				},
				"assetKey": "/Neuer Ordner/test1.png"
			},
			{
				"assetId": "b24b2ef9-5194-4655-a562-2591d018d8f7",
				"x": 352,
				"y": 448,
				"type": 0,
				"anchorX": 0,
				"anchorY": 0,
				"userData": {},
				"physics": {},
				"scaleX": 1,
				"scaleY": 1,
				"angle": 0,
				"alpha": 1,
				"frame": 0,
				"isVisible": 1,
				"isLocked": 0,
				"contents": [],
				"width": 32,
				"height": 32,
				"id": "tmp1424442637337",
				"name": "test127",
				"index": -1,
				"fullPath": "/test127",
				"movies": {
					"__main": {
						"frames": [],
						"info": {
							"fps": 60
						},
						"subdata": []
					}
				},
				"assetKey": "/Neuer Ordner/test1.png"
			},
			{
				"assetId": "b24b2ef9-5194-4655-a562-2591d018d8f7",
				"x": 320,
				"y": 448,
				"type": 0,
				"anchorX": 0,
				"anchorY": 0,
				"userData": {},
				"physics": {},
				"scaleX": 1,
				"scaleY": 1,
				"angle": 0,
				"alpha": 1,
				"frame": 0,
				"isVisible": 1,
				"isLocked": 0,
				"contents": [],
				"width": 32,
				"height": 32,
				"id": "tmp1424442637336",
				"name": "test126",
				"index": -1,
				"fullPath": "/test126",
				"movies": {
					"__main": {
						"frames": [],
						"info": {
							"fps": 60
						},
						"subdata": []
					}
				},
				"assetKey": "/Neuer Ordner/test1.png"
			},
			{
				"assetId": "b24b2ef9-5194-4655-a562-2591d018d8f7",
				"x": 288,
				"y": 448,
				"type": 0,
				"anchorX": 0,
				"anchorY": 0,
				"userData": {},
				"physics": {},
				"scaleX": 1,
				"scaleY": 1,
				"angle": 0,
				"alpha": 1,
				"frame": 0,
				"isVisible": 1,
				"isLocked": 0,
				"contents": [],
				"width": 32,
				"height": 32,
				"id": "tmp1424442637335",
				"name": "test125",
				"index": -1,
				"fullPath": "/test125",
				"movies": {
					"__main": {
						"frames": [],
						"info": {
							"fps": 60
						},
						"subdata": []
					}
				},
				"assetKey": "/Neuer Ordner/test1.png"
			},
			{
				"assetId": "b24b2ef9-5194-4655-a562-2591d018d8f7",
				"x": 256,
				"y": 448,
				"type": 0,
				"anchorX": 0,
				"anchorY": 0,
				"userData": {},
				"physics": {},
				"scaleX": 1,
				"scaleY": 1,
				"angle": 0,
				"alpha": 1,
				"frame": 0,
				"isVisible": 1,
				"isLocked": 0,
				"contents": [],
				"width": 32,
				"height": 32,
				"id": "tmp1424442637334",
				"name": "test124",
				"index": -1,
				"fullPath": "/test124",
				"movies": {
					"__main": {
						"frames": [],
						"info": {
							"fps": 60
						},
						"subdata": []
					}
				},
				"assetKey": "/Neuer Ordner/test1.png"
			},
			{
				"assetId": "b24b2ef9-5194-4655-a562-2591d018d8f7",
				"x": 224,
				"y": 448,
				"type": 0,
				"anchorX": 0,
				"anchorY": 0,
				"userData": {},
				"physics": {},
				"scaleX": 1,
				"scaleY": 1,
				"angle": 0,
				"alpha": 1,
				"frame": 0,
				"isVisible": 1,
				"isLocked": 0,
				"contents": [],
				"width": 32,
				"height": 32,
				"id": "tmp1424442637333",
				"name": "test123",
				"index": -1,
				"fullPath": "/test123",
				"movies": {
					"__main": {
						"frames": [],
						"info": {
							"fps": 60
						},
						"subdata": []
					}
				},
				"assetKey": "/Neuer Ordner/test1.png"
			},
			{
				"assetId": "b24b2ef9-5194-4655-a562-2591d018d8f7",
				"x": 192,
				"y": 448,
				"type": 0,
				"anchorX": 0,
				"anchorY": 0,
				"userData": {},
				"physics": {},
				"scaleX": 1,
				"scaleY": 1,
				"angle": 0,
				"alpha": 1,
				"frame": 0,
				"isVisible": 1,
				"isLocked": 0,
				"contents": [],
				"width": 32,
				"height": 32,
				"id": "tmp1424442637332",
				"name": "test122",
				"index": -1,
				"fullPath": "/test122",
				"movies": {
					"__main": {
						"frames": [],
						"info": {
							"fps": 60
						},
						"subdata": []
					}
				},
				"assetKey": "/Neuer Ordner/test1.png"
			},
			{
				"assetId": "b24b2ef9-5194-4655-a562-2591d018d8f7",
				"x": 160,
				"y": 448,
				"type": 0,
				"anchorX": 0,
				"anchorY": 0,
				"userData": {},
				"physics": {},
				"scaleX": 1,
				"scaleY": 1,
				"angle": 0,
				"alpha": 1,
				"frame": 0,
				"isVisible": 1,
				"isLocked": 0,
				"contents": [],
				"width": 32,
				"height": 32,
				"id": "tmp1424442637331",
				"name": "test121",
				"index": -1,
				"fullPath": "/test121",
				"movies": {
					"__main": {
						"frames": [],
						"info": {
							"fps": 60
						},
						"subdata": []
					}
				},
				"assetKey": "/Neuer Ordner/test1.png"
			},
			{
				"assetId": "b24b2ef9-5194-4655-a562-2591d018d8f7",
				"x": 128,
				"y": 448,
				"type": 0,
				"anchorX": 0,
				"anchorY": 0,
				"userData": {},
				"physics": {},
				"scaleX": 1,
				"scaleY": 1,
				"angle": 0,
				"alpha": 1,
				"frame": 0,
				"isVisible": 1,
				"isLocked": 0,
				"contents": [],
				"width": 32,
				"height": 32,
				"id": "tmp1424442637330",
				"name": "test120",
				"index": -1,
				"fullPath": "/test120",
				"movies": {
					"__main": {
						"frames": [],
						"info": {
							"fps": 60
						},
						"subdata": []
					}
				},
				"assetKey": "/Neuer Ordner/test1.png"
			},
			{
				"assetId": "b24b2ef9-5194-4655-a562-2591d018d8f7",
				"x": 96,
				"y": 448,
				"type": 0,
				"anchorX": 0,
				"anchorY": 0,
				"userData": {},
				"physics": {},
				"scaleX": 1,
				"scaleY": 1,
				"angle": 0,
				"alpha": 1,
				"frame": 0,
				"isVisible": 1,
				"isLocked": 0,
				"contents": [],
				"width": 32,
				"height": 32,
				"id": "tmp1424442637329",
				"name": "test119",
				"index": -1,
				"fullPath": "/test119",
				"movies": {
					"__main": {
						"frames": [],
						"info": {
							"fps": 60
						},
						"subdata": []
					}
				},
				"assetKey": "/Neuer Ordner/test1.png"
			},
			{
				"assetId": "b24b2ef9-5194-4655-a562-2591d018d8f7",
				"x": 64,
				"y": 448,
				"type": 0,
				"anchorX": 0,
				"anchorY": 0,
				"userData": {},
				"physics": {},
				"scaleX": 1,
				"scaleY": 1,
				"angle": 0,
				"alpha": 1,
				"frame": 0,
				"isVisible": 1,
				"isLocked": 0,
				"contents": [],
				"width": 32,
				"height": 32,
				"id": "tmp1424442637328",
				"name": "test118",
				"index": -1,
				"fullPath": "/test118",
				"movies": {
					"__main": {
						"frames": [],
						"info": {
							"fps": 60
						},
						"subdata": []
					}
				},
				"assetKey": "/Neuer Ordner/test1.png"
			},
			{
				"assetId": "b24b2ef9-5194-4655-a562-2591d018d8f7",
				"x": 32,
				"y": 448,
				"type": 0,
				"anchorX": 0,
				"anchorY": 0,
				"userData": {},
				"physics": {},
				"scaleX": 1,
				"scaleY": 1,
				"angle": 0,
				"alpha": 1,
				"frame": 0,
				"isVisible": 1,
				"isLocked": 0,
				"contents": [],
				"width": 32,
				"height": 32,
				"id": "tmp1424442637327",
				"name": "test117",
				"index": -1,
				"fullPath": "/test117",
				"movies": {
					"__main": {
						"frames": [],
						"info": {
							"fps": 60
						},
						"subdata": []
					}
				},
				"assetKey": "/Neuer Ordner/test1.png"
			},
			{
				"assetId": "b24b2ef9-5194-4655-a562-2591d018d8f7",
				"x": 0,
				"y": 416,
				"type": 0,
				"anchorX": 0,
				"anchorY": 0,
				"userData": {},
				"physics": {},
				"scaleX": 1,
				"scaleY": 1,
				"angle": 0,
				"alpha": 1,
				"frame": 0,
				"isVisible": 1,
				"isLocked": 0,
				"contents": [],
				"width": 32,
				"height": 32,
				"id": "tmp1424442637325",
				"name": "test115",
				"index": -1,
				"fullPath": "/test115",
				"movies": {
					"__main": {
						"frames": [],
						"info": {
							"fps": 60
						},
						"subdata": []
					}
				},
				"assetKey": "/Neuer Ordner/test1.png"
			},
			{
				"assetId": "b24b2ef9-5194-4655-a562-2591d018d8f7",
				"x": 0,
				"y": 448,
				"type": 0,
				"anchorX": 0,
				"anchorY": 0,
				"userData": {},
				"physics": {},
				"scaleX": 1,
				"scaleY": 1,
				"angle": 0,
				"alpha": 1,
				"frame": 0,
				"isVisible": 1,
				"isLocked": 0,
				"contents": [],
				"width": 32,
				"height": 32,
				"id": "tmp1424442637326",
				"name": "test116",
				"index": -1,
				"fullPath": "/test116",
				"movies": {
					"__main": {
						"frames": [],
						"info": {
							"fps": 60
						},
						"subdata": []
					}
				},
				"assetKey": "/Neuer Ordner/test1.png"
			},
			{
				"assetId": "b24b2ef9-5194-4655-a562-2591d018d8f7",
				"x": 32,
				"y": 384,
				"type": 0,
				"anchorX": 0,
				"anchorY": 0,
				"userData": {},
				"physics": {},
				"scaleX": 1,
				"scaleY": 1,
				"angle": 0,
				"alpha": 1,
				"frame": 0,
				"isVisible": 1,
				"isLocked": 0,
				"contents": [],
				"width": 32,
				"height": 32,
				"id": "tmp1424442637323",
				"name": "test113",
				"index": -1,
				"fullPath": "/test113",
				"movies": {
					"__main": {
						"frames": [],
						"info": {
							"fps": 60
						},
						"subdata": []
					}
				},
				"assetKey": "/Neuer Ordner/test1.png"
			},
			{
				"assetId": "b24b2ef9-5194-4655-a562-2591d018d8f7",
				"x": 32,
				"y": 416,
				"type": 0,
				"anchorX": 0,
				"anchorY": 0,
				"userData": {},
				"physics": {},
				"scaleX": 1,
				"scaleY": 1,
				"angle": 0,
				"alpha": 1,
				"frame": 0,
				"isVisible": 1,
				"isLocked": 0,
				"contents": [],
				"width": 32,
				"height": 32,
				"id": "tmp1424442637324",
				"name": "test114",
				"index": -1,
				"fullPath": "/test114",
				"movies": {
					"__main": {
						"frames": [],
						"info": {
							"fps": 60
						},
						"subdata": []
					}
				},
				"assetKey": "/Neuer Ordner/test1.png"
			},
			{
				"assetId": "b24b2ef9-5194-4655-a562-2591d018d8f7",
				"x": 0,
				"y": 384,
				"type": 0,
				"anchorX": 0,
				"anchorY": 0,
				"userData": {},
				"physics": {},
				"scaleX": 1,
				"scaleY": 1,
				"angle": 0,
				"alpha": 1,
				"frame": 0,
				"isVisible": 1,
				"isLocked": 0,
				"contents": [],
				"width": 32,
				"height": 32,
				"id": "tmp1424442637322",
				"name": "test112",
				"index": -1,
				"fullPath": "/test112",
				"movies": {
					"__main": {
						"frames": [],
						"info": {
							"fps": 60
						},
						"subdata": []
					}
				},
				"assetKey": "/Neuer Ordner/test1.png"
			},
			{
				"assetId": "b24b2ef9-5194-4655-a562-2591d018d8f7",
				"x": 0,
				"y": 352,
				"type": 0,
				"anchorX": 0,
				"anchorY": 0,
				"userData": {},
				"physics": {},
				"scaleX": 1,
				"scaleY": 1,
				"angle": 0,
				"alpha": 1,
				"frame": 0,
				"isVisible": 1,
				"isLocked": 0,
				"contents": [],
				"width": 32,
				"height": 32,
				"id": "tmp1424442637321",
				"name": "test111",
				"index": -1,
				"fullPath": "/test111",
				"movies": {
					"__main": {
						"frames": [],
						"info": {
							"fps": 60
						},
						"subdata": []
					}
				},
				"assetKey": "/Neuer Ordner/test1.png"
			},
			{
				"assetId": "b24b2ef9-5194-4655-a562-2591d018d8f7",
				"x": 0,
				"y": 320,
				"type": 0,
				"anchorX": 0,
				"anchorY": 0,
				"userData": {},
				"physics": {},
				"scaleX": 1,
				"scaleY": 1,
				"angle": 0,
				"alpha": 1,
				"frame": 0,
				"isVisible": 1,
				"isLocked": 0,
				"contents": [],
				"width": 32,
				"height": 32,
				"id": "tmp1424442637320",
				"name": "test110",
				"index": -1,
				"fullPath": "/test110",
				"movies": {
					"__main": {
						"frames": [],
						"info": {
							"fps": 60
						},
						"subdata": []
					}
				},
				"assetKey": "/Neuer Ordner/test1.png"
			},
			{
				"assetId": "b24b2ef9-5194-4655-a562-2591d018d8f7",
				"x": 0,
				"y": 288,
				"type": 0,
				"anchorX": 0,
				"anchorY": 0,
				"userData": {},
				"physics": {},
				"scaleX": 1,
				"scaleY": 1,
				"angle": 0,
				"alpha": 1,
				"frame": 0,
				"isVisible": 1,
				"isLocked": 0,
				"contents": [],
				"width": 32,
				"height": 32,
				"id": "tmp1424442637319",
				"name": "test19",
				"index": -1,
				"fullPath": "/test19",
				"movies": {
					"__main": {
						"frames": [],
						"info": {
							"fps": 60
						},
						"subdata": []
					}
				},
				"assetKey": "/Neuer Ordner/test1.png"
			},
			{
				"assetId": "b24b2ef9-5194-4655-a562-2591d018d8f7",
				"x": 0,
				"y": 256,
				"type": 0,
				"anchorX": 0,
				"anchorY": 0,
				"userData": {},
				"physics": {},
				"scaleX": 1,
				"scaleY": 1,
				"angle": 0,
				"alpha": 1,
				"frame": 0,
				"isVisible": 1,
				"isLocked": 0,
				"contents": [],
				"width": 32,
				"height": 32,
				"id": "tmp1424442637318",
				"name": "test18",
				"index": -1,
				"fullPath": "/test18",
				"movies": {
					"__main": {
						"frames": [],
						"info": {
							"fps": 60
						},
						"subdata": []
					}
				},
				"assetKey": "/Neuer Ordner/test1.png"
			},
			{
				"assetId": "b24b2ef9-5194-4655-a562-2591d018d8f7",
				"x": 0,
				"y": 192,
				"type": 0,
				"anchorX": 0,
				"anchorY": 0,
				"userData": {},
				"physics": {
					"enable": 0
				},
				"scaleX": 1,
				"scaleY": 1,
				"angle": 0,
				"alpha": 1,
				"frame": 0,
				"isVisible": 1,
				"isLocked": 0,
				"contents": [],
				"width": 32,
				"height": 32,
				"id": "tmp1424442637316",
				"name": "test16",
				"index": -1,
				"fullPath": "/test16",
				"movies": {
					"__main": {
						"frames": [],
						"info": {
							"fps": 60
						},
						"subdata": []
					}
				},
				"assetKey": "/Neuer Ordner/test1.png"
			},
			{
				"assetId": "b24b2ef9-5194-4655-a562-2591d018d8f7",
				"x": 0,
				"y": 224,
				"type": 0,
				"anchorX": 0,
				"anchorY": 0,
				"userData": {},
				"physics": {
					"enable": 0
				},
				"scaleX": 1,
				"scaleY": 1,
				"angle": 0,
				"alpha": 1,
				"frame": 0,
				"isVisible": 1,
				"isLocked": 0,
				"contents": [],
				"width": 32,
				"height": 32,
				"id": "tmp1424442637317",
				"name": "test17",
				"index": -1,
				"fullPath": "/test17",
				"movies": {
					"__main": {
						"frames": [],
						"info": {
							"fps": 60
						},
						"subdata": []
					}
				},
				"assetKey": "/Neuer Ordner/test1.png"
			},
			{
				"assetId": "b24b2ef9-5194-4655-a562-2591d018d8f7",
				"x": 0,
				"y": 160,
				"type": 0,
				"anchorX": 0,
				"anchorY": 0,
				"userData": {},
				"physics": {
					"enable": 0
				},
				"scaleX": 1,
				"scaleY": 1,
				"angle": 0,
				"alpha": 1,
				"frame": 0,
				"isVisible": 1,
				"isLocked": 0,
				"contents": [],
				"width": 32,
				"height": 32,
				"id": "tmp1424442637315",
				"name": "test15",
				"index": -1,
				"fullPath": "/test15",
				"movies": {
					"__main": {
						"frames": [],
						"info": {
							"fps": 60
						},
						"subdata": []
					}
				},
				"assetKey": "/Neuer Ordner/test1.png"
			},
			{
				"assetId": "b24b2ef9-5194-4655-a562-2591d018d8f7",
				"x": 0,
				"y": 128,
				"type": 0,
				"anchorX": 0,
				"anchorY": 0,
				"userData": {},
				"physics": {
					"enable": 0
				},
				"scaleX": 1,
				"scaleY": 1,
				"angle": 0,
				"alpha": 1,
				"frame": 0,
				"isVisible": 1,
				"isLocked": 0,
				"contents": [],
				"width": 32,
				"height": 32,
				"id": "tmp1424442637314",
				"name": "test14",
				"index": -1,
				"fullPath": "/test14",
				"movies": {
					"__main": {
						"frames": [],
						"info": {
							"fps": 60
						},
						"subdata": []
					}
				},
				"assetKey": "/Neuer Ordner/test1.png"
			},
			{
				"assetId": "b24b2ef9-5194-4655-a562-2591d018d8f7",
				"x": 0,
				"y": 96,
				"type": 0,
				"anchorX": 0,
				"anchorY": 0,
				"userData": {},
				"physics": {},
				"scaleX": 1,
				"scaleY": 1,
				"angle": 0,
				"alpha": 1,
				"frame": 0,
				"isVisible": 1,
				"isLocked": 0,
				"contents": [],
				"width": 32,
				"height": 32,
				"id": "tmp1424442637313",
				"name": "test13",
				"index": -1,
				"fullPath": "/test13",
				"movies": {
					"__main": {
						"frames": [],
						"info": {
							"fps": 60
						},
						"subdata": []
					}
				},
				"assetKey": "/Neuer Ordner/test1.png"
			},
			{
				"assetId": "b24b2ef9-5194-4655-a562-2591d018d8f7",
				"x": 0,
				"y": 64,
				"type": 0,
				"anchorX": 0,
				"anchorY": 0,
				"userData": {},
				"physics": {},
				"scaleX": 1,
				"scaleY": 1,
				"angle": 0,
				"alpha": 1,
				"frame": 0,
				"isVisible": 1,
				"isLocked": 0,
				"contents": [],
				"width": 32,
				"height": 32,
				"id": "tmp1424442637312",
				"name": "test12",
				"index": -1,
				"fullPath": "/test12",
				"movies": {
					"__main": {
						"frames": [],
						"info": {
							"fps": 60
						},
						"subdata": []
					}
				},
				"assetKey": "/Neuer Ordner/test1.png"
			},
			{
				"assetId": "b24b2ef9-5194-4655-a562-2591d018d8f7",
				"x": 0,
				"y": 32,
				"type": 0,
				"anchorX": 0,
				"anchorY": 0,
				"userData": {},
				"physics": {},
				"scaleX": 1,
				"scaleY": 1,
				"angle": 0,
				"alpha": 1,
				"frame": 0,
				"isVisible": 1,
				"isLocked": 0,
				"contents": [],
				"width": 32,
				"height": 32,
				"id": "tmp1424442637311",
				"name": "test11",
				"index": -1,
				"fullPath": "/test11",
				"movies": {
					"__main": {
						"frames": [],
						"info": {
							"fps": 60
						},
						"subdata": []
					}
				},
				"assetKey": "/Neuer Ordner/test1.png"
			},
			{
				"assetId": "b24b2ef9-5194-4655-a562-2591d018d8f7",
				"x": 0,
				"y": 0,
				"type": 0,
				"anchorX": 0,
				"anchorY": 0,
				"userData": {},
				"physics": {},
				"scaleX": 1,
				"scaleY": 1,
				"angle": 0,
				"alpha": 1,
				"frame": 0,
				"isVisible": 1,
				"isLocked": 0,
				"contents": [],
				"width": 32,
				"height": 32,
				"id": "tmp1424442637310",
				"name": "test1",
				"index": -1,
				"fullPath": "/test1",
				"movies": {
					"__main": {
						"frames": [],
						"info": {
							"fps": 60
						},
						"subdata": []
					}
				},
				"assetKey": "/Neuer Ordner/test1.png"
			}
		],
		"count": 0
	},
	"map": {
		"cameraX": -405,
		"cameraY": 87,
		"worldWidth": 800,
		"worldHeight": 480,
		"viewportWidth": 800,
		"viewportHeight": 480,
		"scaleMode": "SHOW_ALL",
		"gridX": 32,
		"gridY": 32,
		"gridOffsetX": 0,
		"gridOffsetY": 0,
		"showGrid": 1,
		"gridOpacity": 0.3,
		"backgroundColor": "#222222",
		"movieInfo": {
			"fps": 60,
			"lastFrame": 60
		},
		"physics": {
			"enable": 1,
			"immovable": 0,
			"bounce": {
				"x": 10,
				"y": 3
			},
			"gravity": {
				"allow": 1,
				"x": 0,
				"y": -1
			},
			"size": {
				"width": -1,
				"height": -1,
				"offsetX": 0,
				"offsetY": 0
			},
			"rotation": {
				"allowRotation": 1,
				"maxAngular": 0
			},
			"maxVelocity": 0,
			"mass": 1,
			"collideWorldBounds": 0
		}
	}
}